{
  "./1234": 0,
  "./1234/ToDoList.json": "{}",
  "./add.php": "\r\n<!DOCTYPE html>\r\n<html lang=\"en\">\r\n\r\n<head>\r\n    <meta charset=\"UTF-8\" />\r\n    <meta http-equiv=\"X-UA-Compatible\" content=\"IE=edge\" />\r\n    <meta name=\"viewport\" content=\"width=device-width, initial-scale=1.0\" />\r\n    <title>Installing</title>\r\n    <link rel=\"stylesheet\" href=\"style.css\" />\r\n</head>\r\n\r\n<body>\r\n    <main>\r\n        <h1>Vos données</h1>\r\n        <?php\r\ninclude_once(\"./password.php\");\r\nif (!empty($_COOKIE[\"LXE_PASSWORD\"])) {\r\n    if ($_COOKIE[\"LXE_PASSWORD\"] == $CODE) {\r\n\r\n$pathToJson = $CODE.\"/ToDoList.json\";\r\n$JSON_CONTENT = json_decode(file_get_contents($pathToJson));\r\nif (!empty($_GET[\"table_index\"])) {\r\n    echo \"Modify : \". $_GET[\"table_index\"];\r\n    echo \"<form action='M_submit.php?table_index=\".$_GET[\"table_index\"].\"' method='post'><input value='\".$_GET[\"table_index\"].\"' name='NewName' placeholder='New Name'></input><input name='NewImg' placeholder='New Image'></input><input type='submit' name='submit' placeholder='New Name'></input></form>\";\r\n}\r\nif (!empty($_POST[\"NewImg\"]) && !empty($_POST[\"NewName\"])) {\r\n    $JSON_CONTENT->{$_POST[\"NewName\"]}[0] = $_POST[\"NewImg\"];\r\n    $JSON_CONTENT->{$_POST[\"NewName\"]}[1] = \"❌\";\r\n    header(\"Location: index.php\");\r\n}\r\n\r\nfile_put_contents($pathToJson, json_encode($JSON_CONTENT));\r\necho \"All_Ok\";\r\n} else {\r\n    header(\"Location: ./start.php\");\r\n}\r\n} else {\r\n    header(\"Location: ./start.php\");\r\n}\r\n?>\r\n        <form action=\"add.php\" method=\"post\">\r\n            <input type=\"text\" name=\"NewName\" placeholder=\"Nom\">\r\n            <input type=\"text\" name=\"NewImg\" placeholder=\"Image\">\r\n            <input type=\"submit\" value=\"Valider\">\r\n        </form>\r\n    </main>\r\n    <script src=\"./addLine.js\"></script>\r\n    <style>\r\n    .IsDo {\r\n        text-decoration: none;\r\n    }\r\n\r\n    td a {\r\n        color: white;\r\n    }\r\n\r\n    td {\r\n        border: 1px solid black;\r\n        background: black;\r\n        color: white;\r\n        padding: 20px;\r\n    }\r\n\r\n    tr {\r\n        width: 100%;\r\n    }\r\n\r\n    body {\r\n        background: rgb(182, 91, 91);\r\n        font-family: Arial, Helvetica, sans-serif;\r\n    }\r\n\r\n    main {\r\n        position: absolute;\r\n        top: 50%;\r\n        left: 50%;\r\n        transform: translate(-50%, -50%);\r\n        width: 70%;\r\n        height: 70%;\r\n        background-color: white;\r\n        border: 10px solid black;\r\n        border-radius: 20px;\r\n        box-shadow: inset 0 0 20px 0px;\r\n        overflow: scroll;\r\n    }\r\n\r\n    input {\r\n        padding: 10px;\r\n        background-color: salmon;\r\n        color: black;\r\n        border-radius: 20px;\r\n        transition: 0.5s;\r\n    }\r\n\r\n    input[type=\"submit\"]:hover {\r\n        letter-spacing: 5px;\r\n    }\r\n\r\n    .red {\r\n        position: absolute;\r\n        top: 50%;\r\n        left: 50%;\r\n        transform: translate(-50%, -50%);\r\n        color: red;\r\n    }\r\n    </style>\r\n</body>\r\n\r\n</html>\r\n",
  "./addLine.js": "\r\ndocument.querySelector(\"main\").innerHTML += `\r\n<button class=\"add\">Ajouter Une Ligne</button>\r\n`;\r\ndocument.querySelector(\".add\").addEventListener(\"click\", () => {\r\nlet element = document.querySelector(\"input\");\r\ndocument.querySelectorAll(\"input\").forEach((elements) => {\r\nif (elements.name == \"NewName\") {\r\nelement = elements;\r\n}\r\n});\r\nelement.value = element.value + \"<br>\";\r\n});\r\n\r\n",
  "./do.php": "\r\n<!DOCTYPE html>\r\n<html lang=\"en\">\r\n\r\n<head>\r\n    <meta charset=\"UTF-8\" />\r\n    <meta http-equiv=\"X-UA-Compatible\" content=\"IE=edge\" />\r\n    <meta name=\"viewport\" content=\"width=device-width, initial-scale=1.0\" />\r\n    <title>Installing</title>\r\n    <link rel=\"stylesheet\" href=\"style.css\" />\r\n</head>\r\n\r\n<body>\r\n    <main>\r\n        <h1>Vos données</h1>\r\n        <?php\r\ninclude_once(\"./password.php\");\r\nif (!empty($_COOKIE[\"LXE_PASSWORD\"])) {\r\n    if ($_COOKIE[\"LXE_PASSWORD\"] == $CODE) {\r\n\r\n$pathToJson = $CODE.\"/ToDoList.json\";\r\n$JSON_CONTENT = json_decode(file_get_contents($pathToJson));\r\nif (!empty($_GET[\"table_index\"])) {\r\n    if ($_GET[\"Type\"] == \"do\") {\r\n        $JSON_CONTENT->{$_GET[\"table_index\"]}[1] = \"✅\";\r\n            header(\"Location: ./index.php\");\r\n    }\r\n    if ($_GET[\"Type\"] == \"enc\") {\r\n        $JSON_CONTENT->{$_GET[\"table_index\"]}[1] = \"🔄️\";\r\n            header(\"Location: ./index.php\");\r\n    }\r\n    if ($_GET[\"Type\"] == \"notdo\") {\r\n        $JSON_CONTENT->{$_GET[\"table_index\"]}[1] = \"❌\";\r\n            header(\"Location: ./index.php\");\r\n    }\r\n}\r\nfile_put_contents($pathToJson, json_encode($JSON_CONTENT));\r\n} else {\r\n    header(\"Location: ./start.php\");\r\n}\r\n} else {\r\n    header(\"Location: ./start.php\");\r\n}\r\n?>\r\n    </main>\r\n    <style>\r\n    .IsDo {\r\n        text-decoration: none;\r\n    }\r\n\r\n    td a {\r\n        color: white;\r\n    }\r\n\r\n    td {\r\n        border: 1px solid black;\r\n        background: black;\r\n        color: white;\r\n        padding: 20px;\r\n    }\r\n\r\n    tr {\r\n        width: 100%;\r\n    }\r\n\r\n    body {\r\n        background: rgb(182, 91, 91);\r\n        font-family: Arial, Helvetica, sans-serif;\r\n    }\r\n\r\n    main {\r\n        position: absolute;\r\n        top: 50%;\r\n        left: 50%;\r\n        transform: translate(-50%, -50%);\r\n        width: 70%;\r\n        height: 70%;\r\n        background-color: white;\r\n        border: 10px solid black;\r\n        border-radius: 20px;\r\n        box-shadow: inset 0 0 20px 0px;\r\n        overflow: scroll;\r\n    }\r\n\r\n    input {\r\n        padding: 10px;\r\n        background-color: salmon;\r\n        color: black;\r\n        border-radius: 20px;\r\n        transition: 0.5s;\r\n    }\r\n\r\n    input[type=\"submit\"]:hover {\r\n        letter-spacing: 5px;\r\n    }\r\n\r\n    .red {\r\n        position: absolute;\r\n        top: 50%;\r\n        left: 50%;\r\n        transform: translate(-50%, -50%);\r\n        color: red;\r\n    }\r\n    </style>\r\n</body>\r\n\r\n</html>\r\n",
  "./D_submit.php": "<!DOCTYPE html>\r\n<html lang=\"en\">\r\n\r\n<head>\r\n    <meta charset=\"UTF-8\" />\r\n    <meta http-equiv=\"X-UA-Compatible\" content=\"IE=edge\" />\r\n    <meta name=\"viewport\" content=\"width=device-width, initial-scale=1.0\" />\r\n    <title>Installing</title>\r\n    <link rel=\"stylesheet\" href=\"style.css\" />\r\n</head>\r\n\r\n<body>\r\n    <main>\r\n        <h1>Vos données</h1>\r\n        <?php\r\ninclude_once(\"./password.php\");\r\nif (!empty($_COOKIE[\"LXE_PASSWORD\"])) {\r\n    if ($_COOKIE[\"LXE_PASSWORD\"] == $CODE) {\r\n\r\n$pathToJson = $CODE.\"/ToDoList.json\";\r\n$JSON_CONTENT = json_decode(file_get_contents($pathToJson));\r\nif (!empty($_GET[\"table_index\"])) {\r\n    if (!empty($_GET[\"IsValid\"])) {\r\n        unset($JSON_CONTENT->{$_GET[\"table_index\"]});\r\n        echo \"All_Ok\";\r\n        header(\"Location: ./index.php\");\r\n    }\r\n}\r\nfile_put_contents($pathToJson, json_encode($JSON_CONTENT));\r\n} else {\r\n    header(\"Location: ./start.php\");\r\n}\r\n} else {\r\n    header(\"Location: ./start.php\");\r\n}\r\n?>\r\n        <a href=\"D_submit.php?IsValid=OUI&table_index=<?php echo $_GET[\"table_index\"]; ?>\">Sur?</a>\r\n    </main>\r\n    <style>\r\n    .IsDo {\r\n        text-decoration: none;\r\n    }\r\n\r\n    td a {\r\n        color: white;\r\n    }\r\n\r\n    td {\r\n        border: 1px solid black;\r\n        background: black;\r\n        color: white;\r\n        padding: 20px;\r\n    }\r\n\r\n    tr {\r\n        width: 100%;\r\n    }\r\n\r\n    body {\r\n        background: rgb(182, 91, 91);\r\n        font-family: Arial, Helvetica, sans-serif;\r\n    }\r\n\r\n    main {\r\n        position: absolute;\r\n        top: 50%;\r\n        left: 50%;\r\n        transform: translate(-50%, -50%);\r\n        width: 70%;\r\n        height: 70%;\r\n        background-color: white;\r\n        border: 10px solid black;\r\n        border-radius: 20px;\r\n        box-shadow: inset 0 0 20px 0px;\r\n        overflow: scroll;\r\n    }\r\n\r\n    input {\r\n        padding: 10px;\r\n        background-color: salmon;\r\n        color: black;\r\n        border-radius: 20px;\r\n        transition: 0.5s;\r\n    }\r\n\r\n    input[type=\"submit\"]:hover {\r\n        letter-spacing: 5px;\r\n    }\r\n\r\n    .red {\r\n        position: absolute;\r\n        top: 50%;\r\n        left: 50%;\r\n        transform: translate(-50%, -50%);\r\n        color: red;\r\n    }\r\n    </style>\r\n</body>\r\n\r\n</html>",
  "./index.php": "\r\n<!DOCTYPE html>\r\n<html lang=\"en\">\r\n\r\n<head>\r\n    <meta charset=\"UTF-8\" />\r\n    <meta http-equiv=\"X-UA-Compatible\" content=\"IE=edge\" />\r\n    <meta name=\"viewport\" content=\"width=device-width, initial-scale=1.0\" />\r\n    <title>Installing</title>\r\n    <link rel=\"stylesheet\" href=\"style.css\" />\r\n</head>\r\n\r\n<body>\r\n    <main>\r\n        <h1>Vos données : </h1>\r\n        <?php\r\ninclude_once(\"./password.php\");\r\nif (!empty($_COOKIE[\"LXE_PASSWORD\"])) {\r\n    if ($_COOKIE[\"LXE_PASSWORD\"] == $CODE) {\r\n\r\n$pathToJson = $CODE.\"/ToDoList.json\";\r\n$JSON_CONTENT = json_decode(file_get_contents($pathToJson));\r\necho \"<table>\";\r\n\r\nforeach ($JSON_CONTENT as $key => $values) {\r\n        $Isdo   = $values[1];\r\n        $img = $values[0];\r\n        \r\n        $html  = \"<tr>\";\r\n        $html .=    \"<td>Name : $key <img width=\\\\\"100\\\\\" src=\\\\\"$img\\\\\" alt='IMG_$key'></img> <a href='./M_submit.php?table_index=$key'>Modifier</a>|_|<a href='./D_submit.php?table_index=$key'>DELETE</a></td>\";\r\n        $html .=    \"<td>Fait?   : $Isdo <br> <a href='do.php?table_index=$key&Type=do' class='IsDo'>✅</a>|_|<a href='do.php?table_index=$key&Type=enc' class='IsDo'>🔄️</a>|_|<a href='do.php?table_index=$key&Type=notdo' class='IsDo'>❌</a></td>\";\r\n        $html .= \"</tr>\";\r\n        echo $html;\r\n\r\n}\r\n\r\necho \"</table>\";\r\n} else {\r\n    header(\"Location: ./start.php\");\r\n}\r\n} else {\r\n    header(\"Location: ./start.php\");\r\n}\r\n?>\r\n        <a href=\"add.php\">Ajouter</a>\r\n    </main>\r\n    <style>\r\n    .IsDo {\r\n        text-decoration: none;\r\n    }\r\n\r\n    td a {\r\n        color: white;\r\n    }\r\n\r\n    td {\r\n        border: 1px solid black;\r\n        background: black;\r\n        color: white;\r\n        padding: 20px;\r\n    }\r\n\r\n    tr {\r\n        width: 100%;\r\n    }\r\n\r\n    body {\r\n        background: rgb(182, 91, 91);\r\n        font-family: Arial, Helvetica, sans-serif;\r\n    }\r\n\r\n    main {\r\n        position: absolute;\r\n        top: 50%;\r\n        left: 50%;\r\n        transform: translate(-50%, -50%);\r\n        width: 70%;\r\n        height: 70%;\r\n        background-color: white;\r\n        border: 10px solid black;\r\n        border-radius: 20px;\r\n        box-shadow: inset 0 0 20px 0px;\r\n        overflow: scroll;\r\n    }\r\n\r\n    input {\r\n        padding: 10px;\r\n        background-color: salmon;\r\n        color: black;\r\n        border-radius: 20px;\r\n        transition: 0.5s;\r\n    }\r\n\r\n    input[type=\"submit\"]:hover {\r\n        letter-spacing: 5px;\r\n    }\r\n\r\n    .red {\r\n        position: absolute;\r\n        top: 50%;\r\n        left: 50%;\r\n        transform: translate(-50%, -50%);\r\n        color: red;\r\n    }\r\n    </style>\r\n</body>\r\n\r\n</html>\r\n",
  "./M_submit.php": "\r\n<!DOCTYPE html>\r\n<html lang=\"en\">\r\n\r\n<head>\r\n    <meta charset=\"UTF-8\" />\r\n    <meta http-equiv=\"X-UA-Compatible\" content=\"IE=edge\" />\r\n    <meta name=\"viewport\" content=\"width=device-width, initial-scale=1.0\" />\r\n    <title>Installing</title>\r\n    <link rel=\"stylesheet\" href=\"style.css\" />\r\n</head>\r\n\r\n<body>\r\n    <main>\r\n        <h1>Vos données</h1>\r\n        <?php\r\ninclude_once(\"./password.php\");\r\nif (!empty($_COOKIE[\"LXE_PASSWORD\"])) {\r\n    if ($_COOKIE[\"LXE_PASSWORD\"] == $CODE) {\r\n\r\n$pathToJson = $CODE.\"/ToDoList.json\";\r\n$JSON_CONTENT = json_decode(file_get_contents($pathToJson));\r\nif (!empty($_GET[\"table_index\"])) {\r\n    echo \"Modify : \". $_GET[\"table_index\"];\r\n    echo \"<form action='M_submit.php?table_index=\".$_GET[\"table_index\"].\"' method='post'><input value='\".$_GET[\"table_index\"].\"' name='NewName' placeholder='New Name'></input><input name='NewImg' placeholder='New Image'></input><input type='submit' name='submit' placeholder='New Name'></input></form>\";\r\n}\r\nif (!empty($_POST[\"NewImg\"])) {\r\n    $JSON_CONTENT->{$_POST[\"NewName\"]}[0] = $_POST[\"NewImg\"];\r\n    header(\"Location: ./index.php\");\r\n}\r\nif (!empty($_POST[\"NewName\"])) {\r\n    if (empty($_POST[\"NewImg\"])) {\r\n           $JSON_CONTENT->{$_POST[\"NewName\"]}[0] = $JSON_CONTENT->{$_GET[\"table_index\"]}[0];\r\n    }\r\n    $JSON_CONTENT->{$_POST[\"NewName\"]}[1] = $JSON_CONTENT->{$_GET[\"table_index\"]}[1];\r\n    if ($_GET[\"table_index\"]!=$_POST[\"NewName\"]) {\r\n        unset($JSON_CONTENT->{$_GET[\"table_index\"]});\r\n    }\r\n    header(\"Location: ./index.php\");\r\n}\r\n\r\nfile_put_contents($pathToJson, json_encode($JSON_CONTENT));\r\necho \"All_Ok\";\r\n} else {\r\n    header(\"Location: ./start.php\");\r\n}\r\n} else {\r\n    header(\"Location: ./start.php\");\r\n}\r\n?>\r\n\r\n    </main>\r\n    <script src=\"./addLine.js\"></script>\r\n    <style>\r\n    .IsDo {\r\n        text-decoration: none;\r\n    }\r\n\r\n    td a {\r\n        color: white;\r\n    }\r\n\r\n    td {\r\n        border: 1px solid black;\r\n        background: black;\r\n        color: white;\r\n        padding: 20px;\r\n    }\r\n\r\n    tr {\r\n        width: 100%;\r\n    }\r\n\r\n    body {\r\n        background: rgb(182, 91, 91);\r\n        font-family: Arial, Helvetica, sans-serif;\r\n    }\r\n\r\n    main {\r\n        position: absolute;\r\n        top: 50%;\r\n        left: 50%;\r\n        transform: translate(-50%, -50%);\r\n        width: 70%;\r\n        height: 70%;\r\n        background-color: white;\r\n        border: 10px solid black;\r\n        border-radius: 20px;\r\n        box-shadow: inset 0 0 20px 0px;\r\n        overflow: scroll;\r\n    }\r\n\r\n    input {\r\n        padding: 10px;\r\n        background-color: salmon;\r\n        color: black;\r\n        border-radius: 20px;\r\n        transition: 0.5s;\r\n    }\r\n\r\n    input[type=\"submit\"]:hover {\r\n        letter-spacing: 5px;\r\n    }\r\n\r\n    .red {\r\n        position: absolute;\r\n        top: 50%;\r\n        left: 50%;\r\n        transform: translate(-50%, -50%);\r\n        color: red;\r\n    }\r\n    </style>\r\n</body>\r\n\r\n</html>\r\n",
  "./password.php": "<?php\r\n            $CODE=\"1234\"\r\n            ?>",
  "./start.php": "\r\n<!DOCTYPE html>\r\n<html lang=\"en\">\r\n\r\n<head>\r\n    <meta charset=\"UTF-8\" />\r\n    <meta http-equiv=\"X-UA-Compatible\" content=\"IE=edge\" />\r\n    <meta name=\"viewport\" content=\"width=device-width, initial-scale=1.0\" />\r\n    <title>Installing</title>\r\n    <link rel=\"stylesheet\" href=\"style.css\" />\r\n</head>\r\n\r\n<body>\r\n    <main>\r\n        <h1>!!! UNE FOIS CONNECTEZ (OUVREZ CETTE PAGE POUR LA PREMIÈRE FOIS) METTEZ UN AUTRE MOT DE PASSE (mot de passe\r\n            par déf : 1234)!!!!!</h1>\r\n        <?php\r\n                if (!empty($_POST[\"password\"])) {\r\n                    setcookie(\"LXE_PASSWORD\", $_POST[\"password\"], time()+2300000, \"/\", $_SERVER[\"SERVER_NAME\"]);\r\n                }\r\n        include_once(\"./password.php\");\r\nif (!empty($_COOKIE[\"LXE_PASSWORD\"])) {\r\n    if ($_COOKIE[\"LXE_PASSWORD\"] == $CODE) {\r\n        echo \"C.O.D.E OK!\";\r\n        if (!empty($_POST[\"password2\"])) {\r\n            rename($CODE, $_POST[\"password2\"]);\r\n            setcookie(\"LXE_PASSWORD\", $_POST[\"password2\"], time()+2300000, \"/\", $_SERVER[\"SERVER_NAME\"]);\r\n            file_put_contents(\"./password.php\", '\r\n            <?php\r\n            $CODE=\"'.$_POST[\"password2\"].'\"\r\n            ?>\r\n');\r\necho \"MDP CHANGÉ!\";\r\n}\r\n} else {\r\necho \"WRONG CODE!\";\r\n}\r\n} else {\r\nsetcookie(\"LXE_PASSWORD\", \"1234\", time()+2300000, \"/\", $_SERVER[\"SERVER_NAME\"]);\r\n}\r\n?>\r\n<form method=\"post\" action=\"./start.php\">\r\n    <input name=\"password\" type=\"password\" placeholder=\"Mot de passe\"></input>\r\n    <input type=\"submit\" value=\"Se Connecter\"></input>\r\n    <br>\r\n    ^\r\n    <br>\r\n    |\r\n    <h2>(Nouveau Mot De Passe Mettez votre mdp AVANT)</h2>\r\n    <input name=\"password2\" type=\"password\" placeholder=\"Nouveau Mot de passe\"></input>\r\n    <input type=\"submit\" value=\"Valider\"></input>\r\n    <a href=\"index.php\">Retours</a>\r\n</form>\r\n</main>\r\n<style>\r\nbody {\r\n    background: rgb(182, 91, 91);\r\n    font-family: Arial, Helvetica, sans-serif;\r\n}\r\n\r\nmain {\r\n    position: absolute;\r\n    top: 50%;\r\n    left: 50%;\r\n    transform: translate(-50%, -50%);\r\n    width: 70%;\r\n    height: 70%;\r\n    background-color: white;\r\n    border: 10px solid black;\r\n    border-radius: 20px;\r\n    box-shadow: inset 0 0 20px 0px;\r\n    overflow: scroll;\r\n}\r\n\r\ninput {\r\n    padding: 10px;\r\n    background-color: salmon;\r\n    color: black;\r\n    border-radius: 20px;\r\n    transition: 0.5s;\r\n}\r\n\r\ninput[type=\"submit\"]:hover {\r\n    letter-spacing: 5px;\r\n}\r\n\r\n.red {\r\n    position: absolute;\r\n    top: 50%;\r\n    left: 50%;\r\n    transform: translate(-50%, -50%);\r\n    color: red;\r\n}\r\n</style>\r\n</body>\r\n\r\n</html>\r\n"
}
